insert into ESPACIO (ID_ESPACIO, HORARIO_APERTURA_EMPLEADOS, HORARIO_APERTURA_CLIENTES, HORARIO_CIERRE_CLIENTES, AFORO_ACTUAL, AFORO_TOTAL,ESTADO) values (1,to_date('2020-12-14:07:00:00', 'YYYY-MM-DD:HH24:MI:SS'),to_date('2020-12-14:10:00:00', 'YYYY-MM-DD:HH24:MI:SS'),to_date('2020-12-14:18:00:00', 'YYYY-MM-DD:HH24:MI:SS'),8, 90,'Verde');
insert into ESPACIO (ID_ESPACIO, HORARIO_APERTURA_EMPLEADOS, HORARIO_APERTURA_CLIENTES, HORARIO_CIERRE_CLIENTES, AFORO_ACTUAL, AFORO_TOTAL,ESTADO) values (2,to_date('2020-12-14:06:00:00', 'YYYY-MM-DD:HH24:MI:SS'),to_date('2020-12-14:10:00:00', 'YYYY-MM-DD:HH24:MI:SS'),to_date('2020-12-14:18:00:00', 'YYYY-MM-DD:HH24:MI:SS'),5, 72,'Verde');
insert into ESPACIO (ID_ESPACIO, HORARIO_APERTURA_EMPLEADOS, HORARIO_APERTURA_CLIENTES, HORARIO_CIERRE_CLIENTES, AFORO_ACTUAL, AFORO_TOTAL,ESTADO) values (3,to_date('2020-12-14:05:00:00', 'YYYY-MM-DD:HH24:MI:SS'),to_date('2020-12-14:10:00:00', 'YYYY-MM-DD:HH24:MI:SS'),to_date('2020-12-14:18:00:00', 'YYYY-MM-DD:HH24:MI:SS'), 8, 55,'Verde');
insert into ESPACIO (ID_ESPACIO, HORARIO_APERTURA_EMPLEADOS, HORARIO_APERTURA_CLIENTES, HORARIO_CIERRE_CLIENTES, AFORO_ACTUAL, AFORO_TOTAL,ESTADO) values (4,to_date('2020-12-14:08:00:00', 'YYYY-MM-DD:HH24:MI:SS'),to_date('2020-12-14:10:00:00', 'YYYY-MM-DD:HH24:MI:SS'),to_date('2020-12-14:18:00:00', 'YYYY-MM-DD:HH24:MI:SS'),6, 34,'Verde');
insert into ESPACIO (ID_ESPACIO, HORARIO_APERTURA_EMPLEADOS, HORARIO_APERTURA_CLIENTES, HORARIO_CIERRE_CLIENTES, AFORO_ACTUAL, AFORO_TOTAL,ESTADO) values (5,to_date('2020-12-14:09:00:00', 'YYYY-MM-DD:HH24:MI:SS'),to_date('2020-12-14:10:00:00', 'YYYY-MM-DD:HH24:MI:SS'),to_date('2020-12-14:18:00:00', 'YYYY-MM-DD:HH24:MI:SS'), 1, 61,'Verde');
insert into ESPACIO (ID_ESPACIO, HORARIO_APERTURA_EMPLEADOS, HORARIO_APERTURA_CLIENTES, HORARIO_CIERRE_CLIENTES, AFORO_ACTUAL, AFORO_TOTAL,ESTADO) values (6,to_date('2020-12-14:00:00:00', 'YYYY-MM-DD:HH24:MI:SS'),to_date('2020-12-14:10:00:00', 'YYYY-MM-DD:HH24:MI:SS'),to_date('2020-12-14:18:00:00', 'YYYY-MM-DD:HH24:MI:SS'), 1, 95,'Verde');
insert into ESPACIO (ID_ESPACIO, HORARIO_APERTURA_EMPLEADOS, HORARIO_APERTURA_CLIENTES, HORARIO_CIERRE_CLIENTES, AFORO_ACTUAL, AFORO_TOTAL,ESTADO) values (7,to_date('2020-12-14:07:00:00', 'YYYY-MM-DD:HH24:MI:SS'),to_date('2020-12-14:10:00:00', 'YYYY-MM-DD:HH24:MI:SS'),to_date('2020-12-14:18:00:00', 'YYYY-MM-DD:HH24:MI:SS'),3, 47,'Verde');
insert into ESPACIO (ID_ESPACIO, HORARIO_APERTURA_EMPLEADOS, HORARIO_APERTURA_CLIENTES, HORARIO_CIERRE_CLIENTES, AFORO_ACTUAL, AFORO_TOTAL,ESTADO) values (8,to_date('2020-12-14:06:00:00', 'YYYY-MM-DD:HH24:MI:SS'),to_date('2020-12-14:10:00:00', 'YYYY-MM-DD:HH24:MI:SS'),to_date('2020-12-14:18:00:00', 'YYYY-MM-DD:HH24:MI:SS'),4, 48,'Verde');
insert into ESPACIO (ID_ESPACIO, HORARIO_APERTURA_EMPLEADOS, HORARIO_APERTURA_CLIENTES, HORARIO_CIERRE_CLIENTES, AFORO_ACTUAL, AFORO_TOTAL,ESTADO) values (9, to_date('2020-12-14:00:00:00', 'YYYY-MM-DD:HH24:MI:SS'),to_date('2020-12-14:10:00:00', 'YYYY-MM-DD:HH24:MI:SS'),to_date('2020-12-14:18:00:00', 'YYYY-MM-DD:HH24:MI:SS'), 2, 48,'Verde');
insert into ESPACIO (ID_ESPACIO, HORARIO_APERTURA_EMPLEADOS, HORARIO_APERTURA_CLIENTES, HORARIO_CIERRE_CLIENTES, AFORO_ACTUAL, AFORO_TOTAL,ESTADO) values (10,to_date('2020-12-14:19:00:00', 'YYYY-MM-DD:HH24:MI:SS'),to_date('2020-12-14:10:00:00', 'YYYY-MM-DD:HH24:MI:SS'),to_date('2020-12-14:18:00:00', 'YYYY-MM-DD:HH24:MI:SS'),4, 57,'Verde');
insert into ESPACIO (ID_ESPACIO, HORARIO_APERTURA_EMPLEADOS, HORARIO_APERTURA_CLIENTES, HORARIO_CIERRE_CLIENTES, AFORO_ACTUAL, AFORO_TOTAL,ESTADO) values (11,to_date('2020-12-14:07:00:00', 'YYYY-MM-DD:HH24:MI:SS'),to_date('2020-12-14:10:00:00', 'YYYY-MM-DD:HH24:MI:SS'),to_date('2020-12-14:18:00:00', 'YYYY-MM-DD:HH24:MI:SS'), 6, 55,'Verde');
insert into ESPACIO (ID_ESPACIO, HORARIO_APERTURA_EMPLEADOS, HORARIO_APERTURA_CLIENTES, HORARIO_CIERRE_CLIENTES, AFORO_ACTUAL, AFORO_TOTAL,ESTADO) values (12,to_date('2020-12-14:06:00:00', 'YYYY-MM-DD:HH24:MI:SS'),to_date('2020-12-14:10:00:00', 'YYYY-MM-DD:HH24:MI:SS'),to_date('2020-12-14:18:00:00', 'YYYY-MM-DD:HH24:MI:SS'), 9, 21,'Verde');
insert into ESPACIO (ID_ESPACIO, HORARIO_APERTURA_EMPLEADOS, HORARIO_APERTURA_CLIENTES, HORARIO_CIERRE_CLIENTES, AFORO_ACTUAL, AFORO_TOTAL,ESTADO) values (13,to_date('2020-12-14:06:00:00', 'YYYY-MM-DD:HH24:MI:SS'),to_date('2020-12-14:10:00:00', 'YYYY-MM-DD:HH24:MI:SS'),to_date('2020-12-14:18:00:00', 'YYYY-MM-DD:HH24:MI:SS'), 10, 68,'Verde');
insert into ESPACIO (ID_ESPACIO, HORARIO_APERTURA_EMPLEADOS, HORARIO_APERTURA_CLIENTES, HORARIO_CIERRE_CLIENTES, AFORO_ACTUAL, AFORO_TOTAL,ESTADO) values (14,to_date('2020-12-14:08:00:00', 'YYYY-MM-DD:HH24:MI:SS'),to_date('2020-12-14:10:00:00', 'YYYY-MM-DD:HH24:MI:SS'),to_date('2020-12-14:18:00:00', 'YYYY-MM-DD:HH24:MI:SS'), 6, 63,'Verde');
insert into ESPACIO (ID_ESPACIO, HORARIO_APERTURA_EMPLEADOS, HORARIO_APERTURA_CLIENTES, HORARIO_CIERRE_CLIENTES, AFORO_ACTUAL, AFORO_TOTAL,ESTADO) values (15,to_date('2020-12-14:09:00:00', 'YYYY-MM-DD:HH24:MI:SS'),to_date('2020-12-14:10:00:00', 'YYYY-MM-DD:HH24:MI:SS'),to_date('2020-12-14:18:00:00', 'YYYY-MM-DD:HH24:MI:SS'), 10, 71,'Verde');
insert into ESPACIO (ID_ESPACIO, HORARIO_APERTURA_EMPLEADOS, HORARIO_APERTURA_CLIENTES, HORARIO_CIERRE_CLIENTES, AFORO_ACTUAL, AFORO_TOTAL,ESTADO) values(16,to_date('2020-12-14:14:00:00', 'YYYY-MM-DD:HH24:MI:SS'),to_date('2020-12-14:10:00:00', 'YYYY-MM-DD:HH24:MI:SS'),to_date('2020-12-14:18:00:00','YYYY-MM-DD:HH24:MI:SS'), 4, 38,'Verde');
insert into ESPACIO (ID_ESPACIO, HORARIO_APERTURA_EMPLEADOS, HORARIO_APERTURA_CLIENTES, HORARIO_CIERRE_CLIENTES, AFORO_ACTUAL, AFORO_TOTAL,ESTADO) values (17,to_date('2020-12-14:08:00:00', 'YYYY-MM-DD:HH24:MI:SS'),to_date('2020-12-14:10:00:00', 'YYYY-MM-DD:HH24:MI:SS'),to_date('2020-12-14:18:00:00','YYYY-MM-DD:HH24:MI:SS'), 4, 64,'Verde');
insert into ESPACIO (ID_ESPACIO, HORARIO_APERTURA_EMPLEADOS, HORARIO_APERTURA_CLIENTES, HORARIO_CIERRE_CLIENTES, AFORO_ACTUAL, AFORO_TOTAL,ESTADO) values (18,to_date('2020-12-14:10:00:00', 'YYYY-MM-DD:HH24:MI:SS'),to_date('2020-12-14:10:00:00', 'YYYY-MM-DD:HH24:MI:SS'),to_date('2020-12-14:18:00:00','YYYY-MM-DD:HH24:MI:SS'), 9, 50,'Verde');
insert into ESPACIO (ID_ESPACIO, HORARIO_APERTURA_EMPLEADOS, HORARIO_APERTURA_CLIENTES, HORARIO_CIERRE_CLIENTES, AFORO_ACTUAL, AFORO_TOTAL,ESTADO) values (19,to_date('2020-12-14:09:00:00', 'YYYY-MM-DD:HH24:MI:SS'),to_date('2020-12-14:10:00:00', 'YYYY-MM-DD:HH24:MI:SS'),to_date('2020-12-14:18:00:00','YYYY-MM-DD:HH24:MI:SS'), 1, 32,'Verde');
insert into ESPACIO (ID_ESPACIO, HORARIO_APERTURA_EMPLEADOS, HORARIO_APERTURA_CLIENTES, HORARIO_CIERRE_CLIENTES, AFORO_ACTUAL, AFORO_TOTAL,ESTADO) values (20,to_date('2020-12-14:11:00:00', 'YYYY-MM-DD:HH24:MI:SS'),to_date('2020-12-14:10:00:00', 'YYYY-MM-DD:HH24:MI:SS'),to_date('2020-12-14:18:00:00','YYYY-MM-DD:HH24:MI:SS'), 2, 26,'Verde');
insert into ESPACIO (ID_ESPACIO, HORARIO_APERTURA_EMPLEADOS, HORARIO_APERTURA_CLIENTES, HORARIO_CIERRE_CLIENTES, AFORO_ACTUAL, AFORO_TOTAL,ESTADO) values (21,to_date('2020-12-14:11:00:00', 'YYYY-MM-DD:HH24:MI:SS'),to_date('2020-12-14:10:00:00', 'YYYY-MM-DD:HH24:MI:SS'),to_date('2020-12-14:18:00:00','YYYY-MM-DD:HH24:MI:SS'), 10, 62,'Verde');
insert into ESPACIO (ID_ESPACIO, HORARIO_APERTURA_EMPLEADOS, HORARIO_APERTURA_CLIENTES, HORARIO_CIERRE_CLIENTES, AFORO_ACTUAL, AFORO_TOTAL,ESTADO) values (22,to_date('2020-12-14:11:00:00', 'YYYY-MM-DD:HH24:MI:SS'),to_date('2020-12-14:10:00:00', 'YYYY-MM-DD:HH24:MI:SS'),to_date('2020-12-14:18:00:00','YYYY-MM-DD:HH24:MI:SS'), 2, 34,'Verde');
insert into ESPACIO (ID_ESPACIO, HORARIO_APERTURA_EMPLEADOS, HORARIO_APERTURA_CLIENTES, HORARIO_CIERRE_CLIENTES, AFORO_ACTUAL, AFORO_TOTAL,ESTADO) values (23,to_date('2020-12-14:11:00:00', 'YYYY-MM-DD:HH24:MI:SS'),to_date('2020-12-14:10:00:00', 'YYYY-MM-DD:HH24:MI:SS'),to_date('2020-12-14:18:00:00','YYYY-MM-DD:HH24:MI:SS'), 2, 93,'Verde');
insert into ESPACIO (ID_ESPACIO, HORARIO_APERTURA_EMPLEADOS, HORARIO_APERTURA_CLIENTES, HORARIO_CIERRE_CLIENTES, AFORO_ACTUAL, AFORO_TOTAL,ESTADO) values (24,to_date('2020-12-14:11:00:00', 'YYYY-MM-DD:HH24:MI:SS'),to_date('2020-12-14:10:00:00', 'YYYY-MM-DD:HH24:MI:SS'),to_date('2020-12-14:18:00:00','YYYY-MM-DD:HH24:MI:SS'), 8, 30,'Verde');
insert into ESPACIO (ID_ESPACIO, HORARIO_APERTURA_EMPLEADOS, HORARIO_APERTURA_CLIENTES, HORARIO_CIERRE_CLIENTES, AFORO_ACTUAL, AFORO_TOTAL,ESTADO) values (25,to_date('2020-12-14:11:00:00', 'YYYY-MM-DD:HH24:MI:SS'),to_date('2020-12-14:10:00:00', 'YYYY-MM-DD:HH24:MI:SS'),to_date('2020-12-14:18:00:00','YYYY-MM-DD:HH24:MI:SS'), 3, 70,'Naranja');
insert into ESPACIO (ID_ESPACIO, HORARIO_APERTURA_EMPLEADOS, HORARIO_APERTURA_CLIENTES, HORARIO_CIERRE_CLIENTES, AFORO_ACTUAL, AFORO_TOTAL,ESTADO) values (26,to_date('2020-12-14:11:00:00', 'YYYY-MM-DD:HH24:MI:SS'),to_date('2020-12-14:10:00:00', 'YYYY-MM-DD:HH24:MI:SS'),to_date('2020-12-14:18:00:00','YYYY-MM-DD:HH24:MI:SS'), 1, 70,'Naranja');
insert into ESPACIO (ID_ESPACIO, HORARIO_APERTURA_EMPLEADOS, HORARIO_APERTURA_CLIENTES, HORARIO_CIERRE_CLIENTES, AFORO_ACTUAL, AFORO_TOTAL,ESTADO) values (27,to_date('2020-12-14:11:00:00', 'YYYY-MM-DD:HH24:MI:SS'),to_date('2020-12-14:10:00:00', 'YYYY-MM-DD:HH24:MI:SS'),to_date('2020-12-14:20:00:00','YYYY-MM-DD:HH24:MI:SS'), 4, 29,'Naranja');
insert into ESPACIO (ID_ESPACIO, HORARIO_APERTURA_EMPLEADOS, HORARIO_APERTURA_CLIENTES, HORARIO_CIERRE_CLIENTES, AFORO_ACTUAL, AFORO_TOTAL,ESTADO) values (28,to_date('2020-12-14:11:00:00', 'YYYY-MM-DD:HH24:MI:SS'),to_date('2020-12-14:10:00:00', 'YYYY-MM-DD:HH24:MI:SS'),to_date('2020-12-14:20:00:00','YYYY-MM-DD:HH24:MI:SS'), 2, 51,'Naranja');
insert into ESPACIO (ID_ESPACIO, HORARIO_APERTURA_EMPLEADOS, HORARIO_APERTURA_CLIENTES, HORARIO_CIERRE_CLIENTES, AFORO_ACTUAL, AFORO_TOTAL,ESTADO) values (29,to_date('2020-12-14:11:00:00', 'YYYY-MM-DD:HH24:MI:SS'),to_date('2020-12-14:10:00:00', 'YYYY-MM-DD:HH24:MI:SS'),to_date('2020-12-14:20:00:00','YYYY-MM-DD:HH24:MI:SS'), 5, 68,'Naranja');
insert into ESPACIO (ID_ESPACIO, HORARIO_APERTURA_EMPLEADOS, HORARIO_APERTURA_CLIENTES, HORARIO_CIERRE_CLIENTES, AFORO_ACTUAL, AFORO_TOTAL,ESTADO) values (30,to_date('2020-12-14:11:00:00', 'YYYY-MM-DD:HH24:MI:SS'),to_date('2020-12-14:10:00:00', 'YYYY-MM-DD:HH24:MI:SS'),to_date('2020-12-14:20:00:00','YYYY-MM-DD:HH24:MI:SS'), 10, 89,'Naranja');
insert into ESPACIO (ID_ESPACIO, HORARIO_APERTURA_EMPLEADOS, HORARIO_APERTURA_CLIENTES, HORARIO_CIERRE_CLIENTES, AFORO_ACTUAL, AFORO_TOTAL,ESTADO) values (31,to_date('2020-12-14:11:00:00', 'YYYY-MM-DD:HH24:MI:SS'),to_date('2020-12-14:10:00:00', 'YYYY-MM-DD:HH24:MI:SS'),to_date('2020-12-14:20:00:00','YYYY-MM-DD:HH24:MI:SS'), 5, 44,'Naranja');
insert into ESPACIO (ID_ESPACIO, HORARIO_APERTURA_EMPLEADOS, HORARIO_APERTURA_CLIENTES, HORARIO_CIERRE_CLIENTES, AFORO_ACTUAL, AFORO_TOTAL,ESTADO) values (32,to_date('2020-12-14:11:00:00', 'YYYY-MM-DD:HH24:MI:SS'),to_date('2020-12-14:10:00:00', 'YYYY-MM-DD:HH24:MI:SS'),to_date('2020-12-14:20:00:00','YYYY-MM-DD:HH24:MI:SS'), 9, 53,'Naranja');
insert into ESPACIO (ID_ESPACIO, HORARIO_APERTURA_EMPLEADOS, HORARIO_APERTURA_CLIENTES, HORARIO_CIERRE_CLIENTES, AFORO_ACTUAL, AFORO_TOTAL,ESTADO) values (33,to_date('2020-12-14:11:00:00', 'YYYY-MM-DD:HH24:MI:SS'),to_date('2020-12-14:10:00:00', 'YYYY-MM-DD:HH24:MI:SS'),to_date('2020-12-14:18:00:00','YYYY-MM-DD:HH24:MI:SS'), 5, 60,'Naranja');
insert into ESPACIO (ID_ESPACIO, HORARIO_APERTURA_EMPLEADOS, HORARIO_APERTURA_CLIENTES, HORARIO_CIERRE_CLIENTES, AFORO_ACTUAL, AFORO_TOTAL,ESTADO) values (34,to_date('2020-12-14:11:00:00', 'YYYY-MM-DD:HH24:MI:SS'),to_date('2020-12-14:10:00:00', 'YYYY-MM-DD:HH24:MI:SS'),to_date('2020-12-14:18:00:00','YYYY-MM-DD:HH24:MI:SS'), 9, 53,'Naranja');
insert into ESPACIO (ID_ESPACIO, HORARIO_APERTURA_EMPLEADOS, HORARIO_APERTURA_CLIENTES, HORARIO_CIERRE_CLIENTES, AFORO_ACTUAL, AFORO_TOTAL,ESTADO) values (35,to_date('2020-12-14:11:00:00', 'YYYY-MM-DD:HH24:MI:SS'),to_date('2020-12-14:10:00:00', 'YYYY-MM-DD:HH24:MI:SS'),to_date('2020-12-14:18:00:00','YYYY-MM-DD:HH24:MI:SS'), 3, 79,'Desocupado');
insert into ESPACIO (ID_ESPACIO, HORARIO_APERTURA_EMPLEADOS, HORARIO_APERTURA_CLIENTES, HORARIO_CIERRE_CLIENTES, AFORO_ACTUAL, AFORO_TOTAL,ESTADO) values (36,to_date('2020-12-14:09:00:00', 'YYYY-MM-DD:HH24:MI:SS'),to_date('2020-12-14:10:00:00', 'YYYY-MM-DD:HH24:MI:SS'),to_date('2020-12-14:18:00:00', 'YYYY-MM-DD:HH24:MI:SS'), 8, 34,'Rojo');
insert into ESPACIO (ID_ESPACIO, HORARIO_APERTURA_EMPLEADOS, HORARIO_APERTURA_CLIENTES, HORARIO_CIERRE_CLIENTES, AFORO_ACTUAL, AFORO_TOTAL,ESTADO) values (37,to_date('2020-12-14:07:00:00', 'YYYY-MM-DD:HH24:MI:SS'),to_date('2020-12-14:10:00:00', 'YYYY-MM-DD:HH24:MI:SS'),to_date('2020-12-14:18:00:00', 'YYYY-MM-DD:HH24:MI:SS'), 1, 36,'Naranja');
insert into ESPACIO (ID_ESPACIO, HORARIO_APERTURA_EMPLEADOS, HORARIO_APERTURA_CLIENTES, HORARIO_CIERRE_CLIENTES, AFORO_ACTUAL, AFORO_TOTAL,ESTADO) values (38,to_date('2020-12-14:00:00:00', 'YYYY-MM-DD:HH24:MI:SS'),to_date('2020-12-14:10:00:00', 'YYYY-MM-DD:HH24:MI:SS'),to_date('2020-12-14:18:00:00', 'YYYY-MM-DD:HH24:MI:SS'), 4, 95,'Naranja');
insert into ESPACIO (ID_ESPACIO, HORARIO_APERTURA_EMPLEADOS, HORARIO_APERTURA_CLIENTES, HORARIO_CIERRE_CLIENTES, AFORO_ACTUAL, AFORO_TOTAL,ESTADO) values (39,to_date('2020-12-14:00:00:00', 'YYYY-MM-DD:HH24:MI:SS'),to_date('2020-12-14:10:00:00', 'YYYY-MM-DD:HH24:MI:SS'),to_date('2020-12-14:18:00:00', 'YYYY-MM-DD:HH24:MI:SS'), 6, 38,'Rojo');
insert into ESPACIO (ID_ESPACIO, HORARIO_APERTURA_EMPLEADOS, HORARIO_APERTURA_CLIENTES, HORARIO_CIERRE_CLIENTES, AFORO_ACTUAL, AFORO_TOTAL,ESTADO) values (40,to_date('2020-12-14:09:00:00', 'YYYY-MM-DD:HH24:MI:SS'),to_date('2020-12-14:10:00:00', 'YYYY-MM-DD:HH24:MI:SS'),to_date('2020-12-14:18:00:00', 'YYYY-MM-DD:HH24:MI:SS'), 1, 39,'Verde');
insert into ESPACIO (ID_ESPACIO, HORARIO_APERTURA_EMPLEADOS, HORARIO_APERTURA_CLIENTES, HORARIO_CIERRE_CLIENTES, AFORO_ACTUAL, AFORO_TOTAL,ESTADO ) values (41,to_date('2020-12-14:09:00:00', 'YYYY-MM-DD:HH24:MI:SS'),to_date('2020-12-14:10:00:00', 'YYYY-MM-DD:HH24:MI:SS'),to_date('2020-12-14:18:00:00', 'YYYY-MM-DD:HH24:MI:SS'), 8, 34,'Verde');
insert into ESPACIO (ID_ESPACIO, HORARIO_APERTURA_EMPLEADOS, HORARIO_APERTURA_CLIENTES, HORARIO_CIERRE_CLIENTES, AFORO_ACTUAL, AFORO_TOTAL,ESTADO) values (42,to_date('2020-12-14:07:00:00', 'YYYY-MM-DD:HH24:MI:SS'),to_date('2020-12-14:10:00:00', 'YYYY-MM-DD:HH24:MI:SS'),to_date('2020-12-14:18:00:00', 'YYYY-MM-DD:HH24:MI:SS'), 1, 36,'Verde');
insert into ESPACIO (ID_ESPACIO, HORARIO_APERTURA_EMPLEADOS, HORARIO_APERTURA_CLIENTES, HORARIO_CIERRE_CLIENTES, AFORO_ACTUAL, AFORO_TOTAL,ESTADO) values (43,to_date('2020-12-14:00:00:00', 'YYYY-MM-DD:HH24:MI:SS'),to_date('2020-12-14:10:00:00', 'YYYY-MM-DD:HH24:MI:SS'),to_date('2020-12-14:18:00:00', 'YYYY-MM-DD:HH24:MI:SS'), 4, 95,'Verde');
insert into ESPACIO (ID_ESPACIO, HORARIO_APERTURA_EMPLEADOS, HORARIO_APERTURA_CLIENTES, HORARIO_CIERRE_CLIENTES, AFORO_ACTUAL, AFORO_TOTAL,ESTADO) values (44,to_date('2020-12-14:00:00:00', 'YYYY-MM-DD:HH24:MI:SS'),to_date('2020-12-14:10:00:00', 'YYYY-MM-DD:HH24:MI:SS'),to_date('2020-12-14:18:00:00', 'YYYY-MM-DD:HH24:MI:SS'), 6, 38,'Verde');
insert into ESPACIO (ID_ESPACIO, HORARIO_APERTURA_EMPLEADOS, HORARIO_APERTURA_CLIENTES, HORARIO_CIERRE_CLIENTES, AFORO_ACTUAL, AFORO_TOTAL,ESTADO) values (45,to_date('2020-12-14:09:00:00', 'YYYY-MM-DD:HH24:MI:SS'),to_date('2020-12-14:10:00:00', 'YYYY-MM-DD:HH24:MI:SS'),to_date('2020-12-14:18:00:00', 'YYYY-MM-DD:HH24:MI:SS'), 1, 39,'Desocupado');
insert into ESPACIO (ID_ESPACIO, HORARIO_APERTURA_EMPLEADOS, HORARIO_APERTURA_CLIENTES, HORARIO_CIERRE_CLIENTES, AFORO_ACTUAL, AFORO_TOTAL,ESTADO) values (46,to_date('2020-12-14:09:00:00', 'YYYY-MM-DD:HH24:MI:SS'),to_date('2020-12-14:10:00:00', 'YYYY-MM-DD:HH24:MI:SS'),to_date('2020-12-14:18:00:00', 'YYYY-MM-DD:HH24:MI:SS'), 8, 34,'Rojo');
insert into ESPACIO (ID_ESPACIO, HORARIO_APERTURA_EMPLEADOS, HORARIO_APERTURA_CLIENTES, HORARIO_CIERRE_CLIENTES, AFORO_ACTUAL, AFORO_TOTAL,ESTADO) values (47,to_date('2020-12-14:07:00:00', 'YYYY-MM-DD:HH24:MI:SS'),to_date('2020-12-14:10:00:00', 'YYYY-MM-DD:HH24:MI:SS'),to_date('2020-12-14:18:00:00', 'YYYY-MM-DD:HH24:MI:SS'), 1, 36,'Rojo');
insert into ESPACIO (ID_ESPACIO, HORARIO_APERTURA_EMPLEADOS, HORARIO_APERTURA_CLIENTES, HORARIO_CIERRE_CLIENTES, AFORO_ACTUAL, AFORO_TOTAL,ESTADO) values (48,to_date('2020-12-14:00:00:00', 'YYYY-MM-DD:HH24:MI:SS'),to_date('2020-12-14:10:00:00', 'YYYY-MM-DD:HH24:MI:SS'),to_date('2020-12-14:18:00:00', 'YYYY-MM-DD:HH24:MI:SS'), 4, 95,'Deshabilitado');
insert into ESPACIO (ID_ESPACIO, HORARIO_APERTURA_EMPLEADOS, HORARIO_APERTURA_CLIENTES, HORARIO_CIERRE_CLIENTES, AFORO_ACTUAL, AFORO_TOTAL,ESTADO) values (49,to_date('2020-12-14:00:00:00', 'YYYY-MM-DD:HH24:MI:SS'),to_date('2020-12-14:10:00:00', 'YYYY-MM-DD:HH24:MI:SS'),to_date('2020-12-14:18:00:00', 'YYYY-MM-DD:HH24:MI:SS'), 6, 38,'Deshabilitado');
insert into ESPACIO (ID_ESPACIO, HORARIO_APERTURA_EMPLEADOS, HORARIO_APERTURA_CLIENTES, HORARIO_CIERRE_CLIENTES, AFORO_ACTUAL, AFORO_TOTAL,ESTADO) values (50,to_date('2020-12-14:09:00:00', 'YYYY-MM-DD:HH24:MI:SS'),to_date('2020-12-14:10:00:00', 'YYYY-MM-DD:HH24:MI:SS'),to_date('2020-12-14:18:00:00', 'YYYY-MM-DD:HH24:MI:SS'), 1, 39,'Deshabilitado');



insert into LOCAL_COMERCIAL (ID_LOCAL,IDESPACIO, NOMBRE, NOMBRE_EMPRESA, AREA, TIPO_ESTABLECIMIENTO) values (1,11, 'Hayes LLC', 'Demivee', 222.87, 'Restaurante');
insert into LOCAL_COMERCIAL (ID_LOCAL,IDESPACIO, NOMBRE, NOMBRE_EMPRESA, AREA, TIPO_ESTABLECIMIENTO) values (2,12, 'Franecki, Hills and Pfeffer', 'Divape', 244.53, 'Tienda de ropa');
insert into LOCAL_COMERCIAL (ID_LOCAL,IDESPACIO,  NOMBRE, NOMBRE_EMPRESA, AREA, TIPO_ESTABLECIMIENTO) values (3,13, 'Bartell Group', 'Yotz', 275.24, 'Farmacia');
insert into LOCAL_COMERCIAL (ID_LOCAL,IDESPACIO,  NOMBRE, NOMBRE_EMPRESA, AREA, TIPO_ESTABLECIMIENTO) values (4,14, 'Vandervort, Botsford and Rempel', 'Innojam', 228.88, 'Farmacia');
insert into LOCAL_COMERCIAL (ID_LOCAL,IDESPACIO,  NOMBRE, NOMBRE_EMPRESA, AREA, TIPO_ESTABLECIMIENTO) values (5,15, 'Hirthe, Walsh and Glover', 'Twitterlist', 191.26, 'Tienda deportiva');
insert into LOCAL_COMERCIAL (ID_LOCAL,IDESPACIO,  NOMBRE, NOMBRE_EMPRESA, AREA, TIPO_ESTABLECIMIENTO) values (6,16, 'Marks-Kassulke', 'Agimba', 287.74, 'Tienda deportiva');
insert into LOCAL_COMERCIAL (ID_LOCAL,IDESPACIO,  NOMBRE, NOMBRE_EMPRESA, AREA, TIPO_ESTABLECIMIENTO) values (7,17, 'Carter, Gulgowski and Labadie', 'Jaloo', 173.23, 'Tienda de ropa');
insert into LOCAL_COMERCIAL (ID_LOCAL,IDESPACIO,  NOMBRE, NOMBRE_EMPRESA, AREA, TIPO_ESTABLECIMIENTO) values (8,18, 'Lynch Inc', 'Zooveo', 238.76, 'Farmacia');
insert into LOCAL_COMERCIAL (ID_LOCAL,IDESPACIO,  NOMBRE, NOMBRE_EMPRESA, AREA, TIPO_ESTABLECIMIENTO) values (9,19, 'Ryan-Jacobson', 'Roombo', 257.58, 'Restaurante');
insert into LOCAL_COMERCIAL (ID_LOCAL,IDESPACIO,  NOMBRE, NOMBRE_EMPRESA, AREA, TIPO_ESTABLECIMIENTO) values (10,20,'Hegmann, Blick and Parker', 'Babbleblab', 173.43, 'Farmacia');
insert into LOCAL_COMERCIAL (ID_LOCAL,IDESPACIO,  NOMBRE, NOMBRE_EMPRESA, AREA, TIPO_ESTABLECIMIENTO) values (11,21, 'Hills-Kemmer', 'Vinder', 249.03, 'Tienda de ropa');
insert into LOCAL_COMERCIAL (ID_LOCAL,IDESPACIO, NOMBRE, NOMBRE_EMPRESA, AREA, TIPO_ESTABLECIMIENTO) values (12,22, 'Fisher Group', 'Fivespan', 244.35, 'Restaurante');
insert into LOCAL_COMERCIAL (ID_LOCAL,IDESPACIO,  NOMBRE, NOMBRE_EMPRESA, AREA, TIPO_ESTABLECIMIENTO) values (13,23, 'Hickle and Sons', 'Snaptags', 284.87, 'Tienda deportiva');
insert into LOCAL_COMERCIAL (ID_LOCAL,IDESPACIO,  NOMBRE, NOMBRE_EMPRESA, AREA, TIPO_ESTABLECIMIENTO) values (14,24,'Romaguera, Kshlerin and Stoltenberg', 'Meejo', 196.05, 'Tienda de electronicos');
insert into LOCAL_COMERCIAL (ID_LOCAL,IDESPACIO, NOMBRE, NOMBRE_EMPRESA, AREA, TIPO_ESTABLECIMIENTO) values (15,25, 'Haag Group', 'Skyvu', 227.75, 'Tienda de electronicos');
insert into LOCAL_COMERCIAL (ID_LOCAL,IDESPACIO,  NOMBRE, NOMBRE_EMPRESA, AREA, TIPO_ESTABLECIMIENTO) values (16,26, 'Barrows, Mertz and Bosco', 'Tavu', 280.28, 'Tienda de electronicos');
insert into LOCAL_COMERCIAL (ID_LOCAL,IDESPACIO,  NOMBRE, NOMBRE_EMPRESA, AREA, TIPO_ESTABLECIMIENTO) values (17,27, 'Roberts, Hodkiewicz and Weimann', 'Divanoodle', 222.4, 'Sexshop');
insert into LOCAL_COMERCIAL (ID_LOCAL,IDESPACIO,  NOMBRE, NOMBRE_EMPRESA, AREA, TIPO_ESTABLECIMIENTO) values (18,28, 'Donnelly, Green and Dicki', 'Gigazoom', 235.84, 'Sexshop');
insert into LOCAL_COMERCIAL (ID_LOCAL,IDESPACIO,  NOMBRE, NOMBRE_EMPRESA, AREA, TIPO_ESTABLECIMIENTO) values (19,29, 'Koch LLC', 'Skivee', 164.58, 'Sexshop');
insert into LOCAL_COMERCIAL (ID_LOCAL,IDESPACIO,  NOMBRE, NOMBRE_EMPRESA, AREA, TIPO_ESTABLECIMIENTO) values (20,30, 'Lubowitz Group', 'Chatterbridge', 254.23, 'Restaurante');
insert into LOCAL_COMERCIAL (ID_LOCAL,IDESPACIO,  NOMBRE, NOMBRE_EMPRESA, AREA, TIPO_ESTABLECIMIENTO) values (21,31, 'Dietrich, Mann and West', 'Tavu', 235.67, 'Ferreteria');
insert into LOCAL_COMERCIAL (ID_LOCAL,IDESPACIO,  NOMBRE, NOMBRE_EMPRESA, AREA, TIPO_ESTABLECIMIENTO) values (22,32, 'Beier, Kunze and Welch', 'Topicshots', 168.54, 'Papeleria');
insert into LOCAL_COMERCIAL (ID_LOCAL,IDESPACIO,  NOMBRE, NOMBRE_EMPRESA, AREA, TIPO_ESTABLECIMIENTO) values (23,33,'Dare and Sons', 'Cogidoo', 222.89, 'Papeleria');
insert into LOCAL_COMERCIAL (ID_LOCAL,IDESPACIO,  NOMBRE, NOMBRE_EMPRESA, AREA, TIPO_ESTABLECIMIENTO) values (24,34, 'Schulist Group', 'Kwilith', 203.05, 'Ferreteria');
insert into LOCAL_COMERCIAL (ID_LOCAL,IDESPACIO,  NOMBRE, NOMBRE_EMPRESA, AREA, TIPO_ESTABLECIMIENTO) values (25,35,'Hagenes LLC', 'Jabberstorm', 232.77, 'Papeleria');

insert into PARQUEADERO (ID_PARQUEADERO,IDESPACIO,  CAPACIDAD) values (1,36,43);
insert into PARQUEADERO (ID_PARQUEADERO,IDESPACIO,  CAPACIDAD) values (2,37, 43);
insert into PARQUEADERO (ID_PARQUEADERO,IDESPACIO,  CAPACIDAD) values (3,38, 33);
insert into PARQUEADERO (ID_PARQUEADERO,IDESPACIO,  CAPACIDAD) values (4,39,26);
insert into PARQUEADERO (ID_PARQUEADERO,IDESPACIO,  CAPACIDAD) values (5,40,15);

insert into BAÑO (ID_BAÑO,IDESPACIO,  NUMERO_SANITARIOS) values (1,41, 10);
insert into BAÑO (ID_BAÑO,IDESPACIO,  NUMERO_SANITARIOS) values (2,42, 5);
insert into BAÑO (ID_BAÑO,IDESPACIO,  NUMERO_SANITARIOS) values (3,43, 7);
insert into BAÑO (ID_BAÑO,IDESPACIO,  NUMERO_SANITARIOS) values (4,44, 6);
insert into BAÑO (ID_BAÑO,IDESPACIO,  NUMERO_SANITARIOS) values (5,45, 11);
insert into BAÑO (ID_BAÑO,IDESPACIO,  NUMERO_SANITARIOS) values (6,46, 12);
insert into BAÑO (ID_BAÑO,IDESPACIO,  NUMERO_SANITARIOS) values (7,47, 13);
insert into BAÑO (ID_BAÑO,IDESPACIO,  NUMERO_SANITARIOS) values (8,48, 20);
insert into BAÑO (ID_BAÑO,IDESPACIO,  NUMERO_SANITARIOS) values (9,49, 2);
insert into BAÑO (ID_BAÑO, IDESPACIO, NUMERO_SANITARIOS) values (10,50, 15);


insert into LECTOR (ID_LECTOR, IDESPACIO) values (1, 1);
insert into LECTOR (ID_LECTOR, IDESPACIO) values (2, 2);
insert into LECTOR (ID_LECTOR, IDESPACIO) values (3, 3);
insert into LECTOR (ID_LECTOR, IDESPACIO) values (4, 4);
insert into LECTOR (ID_LECTOR, IDESPACIO) values (5, 5);
insert into LECTOR (ID_LECTOR, IDESPACIO) values (6, 6);
insert into LECTOR (ID_LECTOR, IDESPACIO) values (7, 7);
insert into LECTOR (ID_LECTOR, IDESPACIO) values (8, 8);
insert into LECTOR (ID_LECTOR, IDESPACIO) values (9, 9);
insert into LECTOR (ID_LECTOR, IDESPACIO) values (10, 10);
insert into LECTOR (ID_LECTOR, IDESPACIO) values (11, 11);
insert into LECTOR (ID_LECTOR, IDESPACIO) values (12, 12);
insert into LECTOR (ID_LECTOR, IDESPACIO) values (13, 13);
insert into LECTOR (ID_LECTOR, IDESPACIO) values (14, 14);
insert into LECTOR (ID_LECTOR, IDESPACIO) values (15, 15);
insert into LECTOR (ID_LECTOR, IDESPACIO) values (16, 16);
insert into LECTOR (ID_LECTOR, IDESPACIO) values (17, 17);
insert into LECTOR (ID_LECTOR, IDESPACIO) values (18, 18);
insert into LECTOR (ID_LECTOR, IDESPACIO) values (19, 19);
insert into LECTOR (ID_LECTOR, IDESPACIO) values (20, 20);
insert into LECTOR (ID_LECTOR, IDESPACIO) values (21, 21);
insert into LECTOR (ID_LECTOR, IDESPACIO) values (22, 22);
insert into LECTOR (ID_LECTOR, IDESPACIO) values (23, 23);
insert into LECTOR (ID_LECTOR, IDESPACIO) values (24, 24);
insert into LECTOR (ID_LECTOR, IDESPACIO) values (25, 25);
insert into LECTOR (ID_LECTOR, IDESPACIO) values (26, 26);
insert into LECTOR (ID_LECTOR, IDESPACIO) values (27, 27);
insert into LECTOR (ID_LECTOR, IDESPACIO) values (28, 28);
insert into LECTOR (ID_LECTOR, IDESPACIO) values (29, 29);
insert into LECTOR (ID_LECTOR, IDESPACIO) values (30, 30);
insert into LECTOR (ID_LECTOR, IDESPACIO) values (31, 31);
insert into LECTOR (ID_LECTOR, IDESPACIO) values (32, 32);
insert into LECTOR (ID_LECTOR, IDESPACIO) values (33, 33);
insert into LECTOR (ID_LECTOR, IDESPACIO) values (34, 34);
insert into LECTOR (ID_LECTOR, IDESPACIO) values (35, 35);
insert into LECTOR (ID_LECTOR, IDESPACIO) values (36, 36);
insert into LECTOR (ID_LECTOR, IDESPACIO) values (37, 37);
insert into LECTOR (ID_LECTOR, IDESPACIO) values (38, 38);
insert into LECTOR (ID_LECTOR, IDESPACIO) values (39, 39);
insert into LECTOR (ID_LECTOR, IDESPACIO) values (40, 40);
insert into LECTOR (ID_LECTOR, IDESPACIO) values (41, 41);
insert into LECTOR (ID_LECTOR, IDESPACIO) values (42, 42);
insert into LECTOR (ID_LECTOR, IDESPACIO) values (43, 43);
insert into LECTOR (ID_LECTOR, IDESPACIO) values (44, 44);
insert into LECTOR (ID_LECTOR, IDESPACIO) values (45, 45);
insert into LECTOR (ID_LECTOR, IDESPACIO) values (46, 46);
insert into LECTOR (ID_LECTOR, IDESPACIO) values (47, 47);
insert into LECTOR (ID_LECTOR, IDESPACIO) values (48, 48);
insert into LECTOR (ID_LECTOR, IDESPACIO) values (49, 49);
insert into LECTOR (ID_LECTOR, IDESPACIO) values (50, 50);

insert into VISITANTE (CEDULA, NOMBRE, TELEFONO, NOMBRE_CONTACTO, TELEFONO_CONTACTO, CODIGO_QR, CORREO, HORARIO_DISPONIBLE, IDESPACIO,TIPO_VISITANTE,ESTADO) values ('6304894842726358991', 'Garrik Olufsen', '2232486935', 'Boone Cromett', '2707144449', 'http://dummyimage.com/131x181.jpg/cc0000/ffffff', 'bcromett0@europa.eu', to_date('2020-12-14:8:00:00', 'YYYY-MM-DD:HH24:MI:SS'), 22,'Empleado','Verde');
insert into VISITANTE (CEDULA, NOMBRE, TELEFONO, NOMBRE_CONTACTO, TELEFONO_CONTACTO, CODIGO_QR, CORREO, HORARIO_DISPONIBLE, IDESPACIO,TIPO_VISITANTE,ESTADO) values ('4396000046863902', 'Kevina Kingsnode', '8909396897', 'Tremaine Chessil', '3566940862', 'http://dummyimage.com/153x225.bmp/cc0000/ffffff', 'tchessil1@ezinearticles.com', to_date('2020-12-14:23:00:00', 'YYYY-MM-DD:HH24:MI:SS'), 36,'Vigilancia','Verde');
insert into VISITANTE (CEDULA, NOMBRE, TELEFONO, NOMBRE_CONTACTO, TELEFONO_CONTACTO, CODIGO_QR, CORREO, HORARIO_DISPONIBLE, IDESPACIO,TIPO_VISITANTE,ESTADO) values ('5135339528614513', 'Leo Gorriessen', '5047980157', 'Boote Turfus', '3926678621', 'http://dummyimage.com/112x109.png/cc0000/ffffff', 'bturfus2@arizona.edu', to_date('2020-12-14:05:00:00', 'YYYY-MM-DD:HH24:MI:SS'), 48,'Aseo','Verde');
insert into VISITANTE (CEDULA, NOMBRE, TELEFONO, NOMBRE_CONTACTO, TELEFONO_CONTACTO, CODIGO_QR, CORREO, HORARIO_DISPONIBLE, IDESPACIO,TIPO_VISITANTE,ESTADO) values ('3549165785290373', 'Jobie MacDavitt', '2434947848', 'Chandal Fairley', '7019963242', 'http://dummyimage.com/190x206.jpg/5fa2dd/ffffff', 'cfairley3@economist.com',to_date('2020-12-14:00:00:00', 'YYYY-MM-DD:HH24:MI:SS'), 1,'Mantenimiento','Verde');
insert into VISITANTE (CEDULA, NOMBRE, TELEFONO, NOMBRE_CONTACTO, TELEFONO_CONTACTO, CODIGO_QR, CORREO, HORARIO_DISPONIBLE, IDESPACIO,TIPO_VISITANTE,ESTADO) values ('3553223836742588', 'Ramon Measen', '1002478046', 'Marni Dovidaitis', '7927911469', 'http://dummyimage.com/108x128.bmp/dddddd/000000', 'mdovidaitis4@hibu.com', to_date('2020-12-14:09:00:00', 'YYYY-MM-DD:HH24:MI:SS'), 5,'Clientes','Positivo');
insert into VISITANTE (CEDULA, NOMBRE, TELEFONO, NOMBRE_CONTACTO, TELEFONO_CONTACTO, CODIGO_QR, CORREO, HORARIO_DISPONIBLE, IDESPACIO,TIPO_VISITANTE,ESTADO) values ('6761144105697983', 'Salomone Burkert', '8045244592', 'Isabelle Zute', '7456297758', 'http://dummyimage.com/233x190.jpg/5fa2dd/ffffff', 'izute5@archive.org', to_date('2020-12-14:12:00:00', 'YYYY-MM-DD:HH24:MI:SS'), 19,'Domiciliarios','Naranja');
insert into VISITANTE (CEDULA, NOMBRE, TELEFONO, NOMBRE_CONTACTO, TELEFONO_CONTACTO, CODIGO_QR, CORREO, HORARIO_DISPONIBLE, IDESPACIO,TIPO_VISITANTE,ESTADO) values ('3582129086908669', 'Tarrance O''Sharkey', '5283711995', 'Eric Garvagh', '6759882064', 'http://dummyimage.com/224x161.bmp/dddddd/000000', 'egarvagh6@goo.gl',to_date('2020-12-14:07:00:00', 'YYYY-MM-DD:HH24:MI:SS'), 2,'Administrador_centro','Verde');
insert into VISITANTE (CEDULA, NOMBRE, TELEFONO, NOMBRE_CONTACTO, TELEFONO_CONTACTO, CODIGO_QR, CORREO, HORARIO_DISPONIBLE, IDESPACIO,TIPO_VISITANTE,ESTADO) values ('4905587556036786596', 'Bax Bengal', '1038705614', 'Angelique Cruickshank', '8642317575', 'http://dummyimage.com/161x109.png/dddddd/000000', 'acruickshank7@hatena.ne.jp', to_date('2020-12-14:08:00:00', 'YYYY-MM-DD:HH24:MI:SS'), 23,'Administrador_local','Rojo');
insert into VISITANTE (CEDULA, NOMBRE, TELEFONO, NOMBRE_CONTACTO, TELEFONO_CONTACTO, CODIGO_QR, CORREO, HORARIO_DISPONIBLE, IDESPACIO,TIPO_VISITANTE,ESTADO) values ('3549165785290376', 'Juan Cardona', '22222222', 'Chandal Fairley', '7019963242', 'http://dummyimage.com/190x206.jpg/5fa2dd/ffffff', 'dona@danut.com',to_date('2020-12-14:00:00:00', 'YYYY-MM-DD:HH24:MI:SS'), 1,'Mantenimiento','Verde');

insert into CARNET(ID_CARNET,CEDULA) values(1,'6304894842726358991');
insert into CARNET(ID_CARNET,CEDULA) values(2,'4396000046863902');
insert into CARNET(ID_CARNET,CEDULA) values(3,'5135339528614513');
insert into CARNET(ID_CARNET,CEDULA) values(4,'3549165785290373');
insert into CARNET(ID_CARNET,CEDULA) values(5,'3553223836742588');
insert into CARNET(ID_CARNET,CEDULA) values(6,'6761144105697983');
insert into CARNET(ID_CARNET,CEDULA) values(7,'3582129086908669');
insert into CARNET(ID_CARNET,CEDULA) values(8,'4905587556036786596');
insert into CARNET(ID_CARNET,CEDULA) values(9,'3549165785290376');


insert into VISITA(FECHAYHORA_OP,TIPO_OP,HORAFIN_OP,IDLECTOR,IDCARNET,IDESPACIO) values(to_date('2020-12-14:8:00:00', 'YYYY-MM-DD:HH24:MI:SS'),'Entrada',to_date('2020-12-14:14:00:00', 'YYYY-MM-DD:HH24:MI:SS'),22,1,22);
insert into VISITA(FECHAYHORA_OP,TIPO_OP,HORAFIN_OP,IDLECTOR,IDCARNET,IDESPACIO) values(to_date('2020-12-14:23:00:00', 'YYYY-MM-DD:HH24:MI:SS'),'Entrada',to_date('2020-12-15:00:00:00', 'YYYY-MM-DD:HH24:MI:SS'),36,2,36);
insert into VISITA(FECHAYHORA_OP,TIPO_OP,HORAFIN_OP,IDLECTOR,IDCARNET,IDESPACIO) values(to_date('2020-12-14:08:00:00', 'YYYY-MM-DD:HH24:MI:SS'),'Entrada',to_date('2020-12-14:08:30:00', 'YYYY-MM-DD:HH24:MI:SS'),48,3,48);
insert into VISITA(FECHAYHORA_OP,TIPO_OP,HORAFIN_OP,IDLECTOR,IDCARNET,IDESPACIO) values(to_date('2020-12-14:10:00:00', 'YYYY-MM-DD:HH24:MI:SS'),'Entrada',to_date('2020-12-14:14:00:00', 'YYYY-MM-DD:HH24:MI:SS'),2,9,2);	
insert into VISITA(FECHAYHORA_OP,TIPO_OP,HORAFIN_OP,IDLECTOR,IDCARNET,IDESPACIO) values(to_date('2020-12-14:14:00:00', 'YYYY-MM-DD:HH24:MI:SS'),'Salida',to_date('2020-12-14:14:02:00', 'YYYY-MM-DD:HH24:MI:SS'),2,9,2);
insert into VISITA(FECHAYHORA_OP,TIPO_OP,HORAFIN_OP,IDLECTOR,IDCARNET,IDESPACIO) values(to_date('2020-12-14:10:30:00', 'YYYY-MM-DD:HH24:MI:SS'),'Entrada',to_date('2020-12-14:11:00:00', 'YYYY-MM-DD:HH24:MI:SS'),5,5,5);
insert into VISITA(FECHAYHORA_OP,TIPO_OP,HORAFIN_OP,IDLECTOR,IDCARNET,IDESPACIO) values(to_date('2020-12-14:13:00:00', 'YYYY-MM-DD:HH24:MI:SS'),'Entrada',to_date('2020-12-14:14:00:00', 'YYYY-MM-DD:HH24:MI:SS'),19,6,19);
insert into VISITA(FECHAYHORA_OP,TIPO_OP,HORAFIN_OP,IDLECTOR,IDCARNET,IDESPACIO) values(to_date('2020-12-14:8:00:00', 'YYYY-MM-DD:HH24:MI:SS'),'Entrada',to_date('2020-12-14:10:00:00', 'YYYY-MM-DD:HH24:MI:SS'),2,7,2);
insert into VISITA(FECHAYHORA_OP,TIPO_OP,HORAFIN_OP,IDLECTOR,IDCARNET,IDESPACIO) values(to_date('2020-12-14:9:00:00', 'YYYY-MM-DD:HH24:MI:SS'),'Entrada',to_date('2020-12-14:14:00:00', 'YYYY-MM-DD:HH24:MI:SS'),23,8,23);
insert into VISITA(FECHAYHORA_OP,TIPO_OP,HORAFIN_OP,IDLECTOR,IDCARNET,IDESPACIO) values(to_date('2020-12-14:14:00:00', 'YYYY-MM-DD:HH24:MI:SS'),'Entrada',to_date('2020-12-14:15:00:00', 'YYYY-MM-DD:HH24:MI:SS'),19,7,19);
insert into VISITA(FECHAYHORA_OP,TIPO_OP,HORAFIN_OP,IDLECTOR,IDCARNET,IDESPACIO) values(to_date('2020-12-14:14:00:00', 'YYYY-MM-DD:HH24:MI:SS'),'Entrada',to_date('2020-12-14:15:00:00', 'YYYY-MM-DD:HH24:MI:SS'),19,8,19);
insert into VISITA(FECHAYHORA_OP,TIPO_OP,HORAFIN_OP,IDLECTOR,IDCARNET,IDESPACIO) values(to_date('2020-12-14:14:00:00', 'YYYY-MM-DD:HH24:MI:SS'),'Entrada',to_date('2020-12-14:15:00:00', 'YYYY-MM-DD:HH24:MI:SS'),19,9,19);
insert into VISITA(FECHAYHORA_OP,TIPO_OP,HORAFIN_OP,IDLECTOR,IDCARNET,IDESPACIO) values(to_date('2020-12-14:18:00:00', 'YYYY-MM-DD:HH24:MI:SS'),'Entrada',to_date('2020-12-18:19:00:00', 'YYYY-MM-DD:HH24:MI:SS'),22,7,22);
insert into VISITA(FECHAYHORA_OP,TIPO_OP,HORAFIN_OP,IDLECTOR,IDCARNET,IDESPACIO) values(to_date('2020-12-14:18:00:00', 'YYYY-MM-DD:HH24:MI:SS'),'Entrada',to_date('2020-12-18:19:00:00', 'YYYY-MM-DD:HH24:MI:SS'),22,8,22);
insert into VISITA(FECHAYHORA_OP,TIPO_OP,HORAFIN_OP,IDLECTOR,IDCARNET,IDESPACIO) values(to_date('2020-12-14:18:00:00', 'YYYY-MM-DD:HH24:MI:SS'),'Entrada',to_date('2020-12-18:19:00:00', 'YYYY-MM-DD:HH24:MI:SS'),22,9,22);
insert into VISITA(FECHAYHORA_OP,TIPO_OP,HORAFIN_OP,IDLECTOR,IDCARNET,IDESPACIO) values(to_date('2020-12-14:16:00:00', 'YYYY-MM-DD:HH24:MI:SS'),'Entrada',to_date('2020-12-14:17:00:00', 'YYYY-MM-DD:HH24:MI:SS'),11,7,11);
insert into VISITA(FECHAYHORA_OP,TIPO_OP,HORAFIN_OP,IDLECTOR,IDCARNET,IDESPACIO) values(to_date('2020-12-14:16:00:00', 'YYYY-MM-DD:HH24:MI:SS'),'Entrada',to_date('2020-12-14:17:00:00', 'YYYY-MM-DD:HH24:MI:SS'),11,8,11);
insert into VISITA(FECHAYHORA_OP,TIPO_OP,HORAFIN_OP,IDLECTOR,IDCARNET,IDESPACIO) values(to_date('2020-12-15:10:00:00', 'YYYY-MM-DD:HH24:MI:SS'),'Entrada',to_date('2020-12-15:14:00:00', 'YYYY-MM-DD:HH24:MI:SS'),11,8,11);
insert into VISITA(FECHAYHORA_OP,TIPO_OP,HORAFIN_OP,IDLECTOR,IDCARNET,IDESPACIO) values(to_date('2020-12-16:10:00:00', 'YYYY-MM-DD:HH24:MI:SS'),'Entrada',to_date('2020-12-16:14:00:00', 'YYYY-MM-DD:HH24:MI:SS'),11,8,11);
insert into VISITA(FECHAYHORA_OP,TIPO_OP,HORAFIN_OP,IDLECTOR,IDCARNET,IDESPACIO) values(to_date('2020-12-14:16:30:00', 'YYYY-MM-DD:HH24:MI:SS'),'Entrada',to_date('2020-12-14:17:00:00', 'YYYY-MM-DD:HH24:MI:SS'),11,9,11);
insert into VISITA(FECHAYHORA_OP,TIPO_OP,HORAFIN_OP,IDLECTOR,IDCARNET,IDESPACIO) values(to_date('2020-12-14:16:30:00', 'YYYY-MM-DD:HH24:MI:SS'),'Entrada',to_date('2020-12-14:17:00:00', 'YYYY-MM-DD:HH24:MI:SS'),11,6,11);
insert into VISITA(FECHAYHORA_OP,TIPO_OP,HORAFIN_OP,IDLECTOR,IDCARNET,IDESPACIO) values(to_date('2020-12-14:16:30:00', 'YYYY-MM-DD:HH24:MI:SS'),'Entrada',to_date('2020-12-14:17:00:00', 'YYYY-MM-DD:HH24:MI:SS'),11,4,11);
insert into VISITA(FECHAYHORA_OP,TIPO_OP,HORAFIN_OP,IDLECTOR,IDCARNET,IDESPACIO) values(to_date('2020-12-13:16:00:00', 'YYYY-MM-DD:HH24:MI:SS'),'Entrada',to_date('2020-12-13:17:00:00', 'YYYY-MM-DD:HH24:MI:SS'),11,9,11);
insert into VISITA(FECHAYHORA_OP,TIPO_OP,HORAFIN_OP,IDLECTOR,IDCARNET,IDESPACIO) values(to_date('2020-12-15:10:00:00', 'YYYY-MM-DD:HH24:MI:SS'),'Entrada',to_date('2020-12-15:14:00:00', 'YYYY-MM-DD:HH24:MI:SS'),11,9,11);
insert into VISITA(FECHAYHORA_OP,TIPO_OP,HORAFIN_OP,IDLECTOR,IDCARNET,IDESPACIO) values(to_date('2020-12-16:10:00:00', 'YYYY-MM-DD:HH24:MI:SS'),'Entrada',to_date('2020-12-16:14:00:00', 'YYYY-MM-DD:HH24:MI:SS'),11,9,11);
COMMIT;
